{
  "project_info": {
    "project_number": "516959310032",
    "project_id": "foody-app-13ed4",
    "storage_bucket": "foody-app-13ed4.appspot.com"
  },
  "client": [
    {
      "client_info": {
        "mobilesdk_app_id": "1:516959310032:android:e2c2c9a964a7cbf61bced5",
        "android_client_info": {
          "package_name": "com.example.foody_app"
        }
      },
      "oauth_client": [],
      "api_key": [
        {
          "current_key": "AIzaSyDgPPoYu9wURBchGeFnBVG3KpmW-Hstk-0"
        }
      ],
      "services": {
        "appinvite_service": {
          "other_platform_oauth_client": []
        }
      }
    }
  ],
  "configuration_version": "1"
}